title,arcgis_url,date_created,date_modified
Yukon Electoral Districts,https://yukon.maps.arcgis.com/home/item.html?id=63f2dc67d1f34b968331a3551455f391,2025-07-28T20:43:41.000Z,2026-01-23T20:10:07.000Z
Lots for sale,https://yukon.maps.arcgis.com/home/item.html?id=50efd146805c4c7a8b9eddaa148ff2da,2019-03-11T15:53:43.000Z,2026-01-22T18:09:22.000Z
Building Footprints,https://yukon.maps.arcgis.com/home/item.html?id=1398615a85e64ea3bca88bf3161bb6f7,2025-12-02T20:38:23.000Z,2026-01-20T19:02:24.000Z
Land Applications,https://yukon.maps.arcgis.com/home/item.html?id=24b89e5fb51a4d60a140cd8fa43e05f8,2019-10-16T22:22:48.000Z,2025-12-24T16:24:11.000Z
GeoYukon Application,https://yukon.maps.arcgis.com/home/item.html?id=29bcf0c2a98b48d8a7ad79bc2bb8ce51,2015-02-17T22:29:23.000Z,2025-11-25T16:24:16.000Z
YMEP Application Database - Geologist Tool (Internal - no private data),https://yukon.maps.arcgis.com/home/item.html?id=69b00dadd40643099f3e2e966b417cf8,2022-04-20T22:48:43.000Z,2025-11-14T23:26:26.000Z
Mineral occurrences and drillholes,https://yukon.maps.arcgis.com/home/item.html?id=fd7a3cb38fae43cfbfbb02ae26d60209,2020-12-14T17:37:55.000Z,2025-11-13T22:56:00.000Z
Find a Yukon street address map,https://yukon.maps.arcgis.com/home/item.html?id=df3bd40ff19e46eaa924cefbd066ed76,2021-02-05T15:41:37.000Z,2025-11-06T18:17:07.000Z
BeatriceTMap1 FordingRiverMine ,https://yukon.maps.arcgis.com/home/item.html?id=768be62aacf343a487af1bcdbc66517e,2025-10-29T00:30:35.000Z,2025-11-04T01:16:50.000Z
Intersections Webmap - PRODUCTION,https://yukon.maps.arcgis.com/home/item.html?id=384e24f76662423eaaf52a2a8f99ec5a,2020-04-03T16:24:46.000Z,2025-10-22T20:33:01.000Z
Intersections Webmap - DEVELOPMENT,https://yukon.maps.arcgis.com/home/item.html?id=737a627598f644e8be76ca706201d7b5,2020-03-23T22:46:44.000Z,2025-10-22T18:26:40.000Z
Yukon Aerial Imagery,https://yukon.maps.arcgis.com/home/item.html?id=2ec1e0ae0b4446e3baba2dfa15afaf4b,2025-05-28T22:01:19.000Z,2025-06-11T23:22:04.000Z
Footprints Yukon Aerial Imagery,https://yukon.maps.arcgis.com/home/item.html?id=373bb94ffcbb475691d9ce7e1e250f9f,2025-03-31T01:44:07.000Z,2025-10-10T00:04:07.000Z
Yukon Electoral Polling Divisions,https://yukon.maps.arcgis.com/home/item.html?id=514a009eec4d4f4599d4dc6289070591,2025-08-12T22:43:01.000Z,2025-10-02T23:18:25.000Z
Rock Properties,https://yukon.maps.arcgis.com/home/item.html?id=267d7eb5cd5e4a54b41648d679f749ca,2025-09-05T16:36:11.000Z,2025-09-17T23:46:06.000Z
Caribou Herd Ranges - 250k,https://yukon.maps.arcgis.com/home/item.html?id=0e55b41d53b2437a82a1ed4fe2200d94,2025-08-20T20:22:45.000Z,2025-08-30T00:25:58.000Z
Yukon Electoral District and Polling Division Search - Map,https://yukon.maps.arcgis.com/home/item.html?id=5026286a444f4f34b132f072bd61581b,2025-07-22T15:27:18.000Z,2025-08-29T22:30:06.000Z
EDBC Online Map Viewer - Map,https://yukon.maps.arcgis.com/home/item.html?id=72ffaf9826cc418589ba6dce95ae8151,2024-05-07T17:44:20.000Z,2025-05-14T17:52:14.000Z
Map 4 of 4: Spain cinnabar substitute (iron oxide)'s deposit,https://yukon.maps.arcgis.com/home/item.html?id=773373261b364be8b5ecbb37cb9b2ac1,2025-03-09T05:53:38.000Z,2025-03-09T22:04:58.000Z
Water well registry - clusters,https://yukon.maps.arcgis.com/home/item.html?id=b521ffaf6dd34a1097c2334a8434e71e,2021-09-07T21:07:08.000Z,2021-09-07T21:07:08.000Z
Beaver River Planning Area Web Map,https://yukon.maps.arcgis.com/home/item.html?id=494827019c7e4504bf854f20d1c02bf2,2019-10-03T13:33:49.000Z,2020-12-04T14:56:11.000Z
Indian River wetlands map,https://yukon.maps.arcgis.com/home/item.html?id=e23294f1534849e09d2d44d2f245e22c,2019-01-28T18:29:55.000Z,2020-11-12T21:34:58.000Z
Major Faults of the Pacific Northwest,https://yukon.maps.arcgis.com/home/item.html?id=4084dc6a84f84db7b31e23bc2e44b183,2020-10-20T21:09:30.000Z,2020-10-21T00:07:17.000Z
Data.geology map search,https://yukon.maps.arcgis.com/home/item.html?id=58e93c576199405aa9b5a28f244aabd9,2020-12-09T14:59:08.000Z,2024-06-14T22:54:36.000Z
Class 1 Mining Land Use Map,https://yukon.maps.arcgis.com/home/item.html?id=3426655ec4604af0ab94f72780a1586c,2020-03-03T20:59:30.000Z,2024-06-10T21:35:58.000Z
Water well registry,https://yukon.maps.arcgis.com/home/item.html?id=25b67ced7bd0419da3144255bd818433,2019-02-28T00:30:52.000Z,2024-02-05T23:08:22.000Z
Class1 Backend and Stakeholder Map - PRODUCTION,https://yukon.maps.arcgis.com/home/item.html?id=8d83fcfe727d48cfbfb2ae4d40a846e3,2020-04-01T20:59:26.000Z,2023-12-19T18:34:08.000Z
Yukon Bedrock geology map,https://yukon.maps.arcgis.com/home/item.html?id=1fd14bebb70d4f68bb99b7d0a9bd8f10,2023-07-26T17:47:58.000Z,2023-07-27T16:28:22.000Z
Class1 Backend and Stakeholder Map - DEVELOPMENT,https://yukon.maps.arcgis.com/home/item.html?id=cfe9bd1615984cec86d1d6aa83076fea,2020-02-04T21:37:25.000Z,2023-07-10T17:44:47.000Z
Placer mining land use map,https://yukon.maps.arcgis.com/home/item.html?id=d63977143dd5486b98a40490d9c4920a,2020-02-25T21:02:33.000Z,2022-09-14T18:59:42.000Z
Yukon Land Tenure Basemap,https://yukon.maps.arcgis.com/home/item.html?id=53c06fc942ec47c798320ef181c1370e,2020-01-30T15:54:35.000Z,2020-03-23T14:32:22.000Z
